[
  {
    "id": "1",
    "name": "Apple Martini",
    "price": 9
  },
  {
    "id": "2",
    "name": "Long Island Iced Tea",
    "price": 9
  },
  {
    "id": "3",
    "name": "Californication",
    "price": 10
  },
  {
    "id": "4",
    "name": "Pina Colada",
    "price": 10
  },
  {
    "id": "5",
    "name": "Margarita",
    "price": 10
  },
  {
    "id": "6",
    "name": "Caipirinha",
    "price": 11
  },
  {
    "id": "7",
    "name": "Mint Julep",
    "price": 11
  },
  {
    "id": "8",
    "name": "Mai Tai",
    "price": 11
  },
  {
    "id": "9",
    "name": "Mojito",
    "price": 11
  },
  {
    "id": "10",
    "name": "Cosmopolitan",
    "price": 12
  }
]
