[
  {
    "id": "1",
    "name": "French Toast",
    "price": 5
  },
  {
    "id": "2",
    "name": "Waffle",
    "price": 11
  },
  {
    "id": "3",
    "name": "Scrambled Eggs",
    "price": 10
  },
  {
    "id": "4",
    "name": "Tator Tots",
    "price": 8
  },
  {
    "id": "5",
    "name": "Pancakes",
    "price": 9
  },
  {
    "id": "6",
    "name": "Oatmeal with Rasins",
    "price": 10
  },
  {
    "id": "7",
    "name": "Bagel",
    "price": 4
  },
  {
    "id": "8",
    "name": "English Muffin",
    "price": 3
  }
]
