[
  {
    "res_id": "1",
    "res_name": "The City Moments",
    "res_location": "8245 3rd St., Owings Mills, MD 21117",
    "res_cusines": ["Mexican", "Italian", "Indian"],
    "breakfast_menu": [
      {
        "id": "1",
        "name": "French Toast",
        "price": 5
      },
      {
        "id": "2",
        "name": "Waffle",
        "price": 11
      },
      {
        "id": "3",
        "name": "Scrambled Eggs",
        "price": 10
      },
      {
        "id": "4",
        "name": "Tator Tots",
        "price": 8
      },
      {
        "id": "5",
        "name": "Pancakes",
        "price": 9
      },
      {
        "id": "6",
        "name": "Oatmeal with Rasins",
        "price": 10
      },
      {
        "id": "7",
        "name": "Bagel",
        "price": 4
      },
      {
        "id": "8",
        "name": "English Muffin",
        "price": 3
      }
    ],
    "soups_menu": [
      {
        "id": "1",
        "name": "Chicken Noodle Soup",
        "price": 11
      },
      {
        "id": "2",
        "name": "Indian Wedding Soup",
        "price": 10
      },
      {
        "id": "3",
        "name": "Minestrone",
        "price": 10
      },
      {
        "id": "4",
        "name": "Lentil Soup",
        "price": 10
      },
      {
        "id": "5",
        "name": "New England Clam Chowder",
        "price": 12
      }
    ],
    "pasta_menu": [
      {
        "id": "1",
        "name": "Basilicata",
        "price": 10
      },
      {
        "id": "2",
        "name": "Calabria",
        "price": 10
      },
      {
        "id": "3",
        "name": "Tagliatelle alla Bolognese",
        "price": 12
      },
      {
        "id": "4",
        "name": "Ziti alla Norma",
        "price": 12
      },
      {
        "id": "5",
        "name": "Pasta al Pesto",
        "price": 12
      },
      {
        "id": "6",
        "name": "Agnolotti del Plin",
        "price": 13
      },
      {
        "id": "7",
        "name": "Pasta all'Arrabbiata",
        "price": 14
      },
      {
        "id": "8",
        "name": "Bucatini all'Amatriciana",
        "price": 14
      }
    ],
    "sushi_menu": [
      {
        "id": "1",
        "name": "Nigiri",
        "price": 7
      },
      {
        "id": "2",
        "name": "Sashimi",
        "price": 7
      },
      {
        "id": "3",
        "name": "Chirashi",
        "price": 7
      },
      {
        "id": "4",
        "name": "Oshizushi",
        "price": 9
      },
      {
        "id": "5",
        "name": "Temaki",
        "price": 9
      },
      {
        "id": "6",
        "name": "Uramaki",
        "price": 9
      }
    ],
    "maincourse_menu": [
      {
        "id": "1",
        "name": "Stuffed Green Peppers",
        "price": 9
      },
      {
        "id": "2",
        "name": "Brocoli & Chicken fry",
        "price": 12
      },
      {
        "id": "3",
        "name": "Butter Chicken",
        "price": 13
      },
      {
        "id": "4",
        "name": "Calzones",
        "price": 13
      },
      {
        "id": "5",
        "name": "Meatballs",
        "price": 14
      },
      {
        "id": "6",
        "name": "Quiche",
        "price": 9
      },
      {
        "id": "7",
        "name": "Roasted Turkey",
        "price": 11
      },
      {
        "id": "8",
        "name": "Roasted Chiekcn",
        "price": 10
      },
      {
        "id": "9",
        "name": "Stuffed Meatloaf",
        "price": 10
      },
      {
        "id": "10",
        "name": "Mexican Picadillo",
        "price": 14
      },
      {
        "id": "11",
        "name": "Cajun Fried Turkey",
        "price": 12
      }
    ],
    "deserts_menu": [
      {
        "id": "1",
        "name": "Nanaimo Bar",
        "price": 7
      },
      {
        "id": "2",
        "name": "Butter Tarts",
        "price": 7
      },
      {
        "id": "3",
        "name": "Flapper Pie",
        "price": 7
      },
      {
        "id": "4",
        "name": "Blueberry Grunt",
        "price": 8
      },
      {
        "id": "5",
        "name": "Pouding Chomeur",
        "price": 9
      },
      {
        "id": "6",
        "name": "Saskatoon Berry Pie",
        "price": 10
      },
      {
        "id": "7",
        "name": "Tiger Tail Ice Cream",
        "price": 8
      },
      {
        "id": "8",
        "name": "Tarte Au Sucre",
        "price": 8
      },
      {
        "id": "9",
        "name": "BeaverTails",
        "price": 9
      },
      {
        "id": "10",
        "name": "Sweet Bannock",
        "price": 7
      }
    ],
    "drinks_menu": [
      {
        "id": "1",
        "name": "Strawberry-Banana Smoothie",
        "price": 6
      },
      {
        "id": "2",
        "name": "Tropical Oatmeal Smoothie",
        "price": 6
      },
      {
        "id": "3",
        "name": "Cherry-Almond Smoothie",
        "price": 6
      },
      {
        "id": "4",
        "name": "Mango Mule",
        "price": 8
      },
      {
        "id": "5",
        "name": "Citrus Fizz",
        "price": 8
      },
      {
        "id": "6",
        "name": "Dry Cranberry Spitzer",
        "price": 8
      }
    ],
    "alcohol_menu": [
      {
        "id": "1",
        "name": "Apple Martini",
        "price": 9
      },
      {
        "id": "2",
        "name": "Long Island Iced Tea",
        "price": 9
      },
      {
        "id": "3",
        "name": "Californication",
        "price": 10
      },
      {
        "id": "4",
        "name": "Pina Colada",
        "price": 10
      },
      {
        "id": "5",
        "name": "Margarita",
        "price": 10
      },
      {
        "id": "6",
        "name": "Caipirinha",
        "price": 11
      },
      {
        "id": "7",
        "name": "Mint Julep",
        "price": 11
      },
      {
        "id": "8",
        "name": "Mai Tai",
        "price": 11
      },
      {
        "id": "9",
        "name": "Mojito",
        "price": 11
      },
      {
        "id": "10",
        "name": "Cosmopolitan",
        "price": 12
      }
    ]
  },
  {
    "res_id": "1",
    "res_name": "The Aqua Way",
    "res_location": "8164 Smith Store Rd.Savage, MN 55378",
    "res_cusines": ["Thai", "Italian", "Mexican"],
    "breakfast_menu": [
      {
        "id": "1",
        "name": "French Toast",
        "price": 5
      },
      {
        "id": "2",
        "name": "Waffle",
        "price": 11
      },
      {
        "id": "3",
        "name": "Scrambled Eggs",
        "price": 10
      },
      {
        "id": "4",
        "name": "Tator Tots",
        "price": 8
      },
      {
        "id": "5",
        "name": "Pancakes",
        "price": 9
      },
      {
        "id": "6",
        "name": "Oatmeal with Rasins",
        "price": 10
      },
      {
        "id": "7",
        "name": "Bagel",
        "price": 4
      },
      {
        "id": "8",
        "name": "English Muffin",
        "price": 3
      }
    ],
    "soups_menu": [
      {
        "id": "1",
        "name": "Chicken Noodle Soup",
        "price": 11
      },
      {
        "id": "2",
        "name": "Indian Wedding Soup",
        "price": 10
      },
      {
        "id": "3",
        "name": "Minestrone",
        "price": 10
      },
      {
        "id": "4",
        "name": "Lentil Soup",
        "price": 10
      },
      {
        "id": "5",
        "name": "New England Clam Chowder",
        "price": 12
      }
    ],
    "pasta_menu": [
      {
        "id": "1",
        "name": "Basilicata",
        "price": 10
      },
      {
        "id": "2",
        "name": "Calabria",
        "price": 10
      },
      {
        "id": "3",
        "name": "Tagliatelle alla Bolognese",
        "price": 12
      },
      {
        "id": "4",
        "name": "Ziti alla Norma",
        "price": 12
      },
      {
        "id": "5",
        "name": "Pasta al Pesto",
        "price": 12
      },
      {
        "id": "6",
        "name": "Agnolotti del Plin",
        "price": 13
      },
      {
        "id": "7",
        "name": "Pasta all'Arrabbiata",
        "price": 14
      },
      {
        "id": "8",
        "name": "Bucatini all'Amatriciana",
        "price": 14
      }
    ],
    "sushi_menu": [
      {
        "id": "1",
        "name": "Nigiri",
        "price": 7
      },
      {
        "id": "2",
        "name": "Sashimi",
        "price": 7
      },
      {
        "id": "3",
        "name": "Chirashi",
        "price": 7
      },
      {
        "id": "4",
        "name": "Oshizushi",
        "price": 9
      },
      {
        "id": "5",
        "name": "Temaki",
        "price": 9
      },
      {
        "id": "6",
        "name": "Uramaki",
        "price": 9
      }
    ],
    "maincourse_menu": [
      {
        "id": "1",
        "name": "Stuffed Green Peppers",
        "price": 9
      },
      {
        "id": "2",
        "name": "Brocoli & Chicken fry",
        "price": 12
      },
      {
        "id": "3",
        "name": "Butter Chicken",
        "price": 13
      },
      {
        "id": "4",
        "name": "Calzones",
        "price": 13
      },
      {
        "id": "5",
        "name": "Meatballs",
        "price": 14
      },
      {
        "id": "6",
        "name": "Quiche",
        "price": 9
      },
      {
        "id": "7",
        "name": "Roasted Turkey",
        "price": 11
      },
      {
        "id": "8",
        "name": "Roasted Chiekcn",
        "price": 10
      },
      {
        "id": "9",
        "name": "Stuffed Meatloaf",
        "price": 10
      },
      {
        "id": "10",
        "name": "Mexican Picadillo",
        "price": 14
      },
      {
        "id": "11",
        "name": "Cajun Fried Turkey",
        "price": 12
      }
    ],
    "deserts_menu": [
      {
        "id": "1",
        "name": "Nanaimo Bar",
        "price": 7
      },
      {
        "id": "2",
        "name": "Butter Tarts",
        "price": 7
      },
      {
        "id": "3",
        "name": "Flapper Pie",
        "price": 7
      },
      {
        "id": "4",
        "name": "Blueberry Grunt",
        "price": 8
      },
      {
        "id": "5",
        "name": "Pouding Chomeur",
        "price": 9
      },
      {
        "id": "6",
        "name": "Saskatoon Berry Pie",
        "price": 10
      },
      {
        "id": "7",
        "name": "Tiger Tail Ice Cream",
        "price": 8
      },
      {
        "id": "8",
        "name": "Tarte Au Sucre",
        "price": 8
      },
      {
        "id": "9",
        "name": "BeaverTails",
        "price": 9
      },
      {
        "id": "10",
        "name": "Sweet Bannock",
        "price": 7
      }
    ],
    "drinks_menu": [
      {
        "id": "1",
        "name": "Strawberry-Banana Smoothie",
        "price": 6
      },
      {
        "id": "2",
        "name": "Tropical Oatmeal Smoothie",
        "price": 6
      },
      {
        "id": "3",
        "name": "Cherry-Almond Smoothie",
        "price": 6
      },
      {
        "id": "4",
        "name": "Mango Mule",
        "price": 8
      },
      {
        "id": "5",
        "name": "Citrus Fizz",
        "price": 8
      },
      {
        "id": "6",
        "name": "Dry Cranberry Spitzer",
        "price": 8
      }
    ],
    "alcohol_menu": [
      {
        "id": "1",
        "name": "Apple Martini",
        "price": 9
      },
      {
        "id": "2",
        "name": "Long Island Iced Tea",
        "price": 9
      },
      {
        "id": "3",
        "name": "Californication",
        "price": 10
      },
      {
        "id": "4",
        "name": "Pina Colada",
        "price": 10
      },
      {
        "id": "5",
        "name": "Margarita",
        "price": 10
      },
      {
        "id": "6",
        "name": "Caipirinha",
        "price": 11
      },
      {
        "id": "7",
        "name": "Mint Julep",
        "price": 11
      },
      {
        "id": "8",
        "name": "Mai Tai",
        "price": 11
      },
      {
        "id": "9",
        "name": "Mojito",
        "price": 11
      },
      {
        "id": "10",
        "name": "Cosmopolitan",
        "price": 12
      }
    ]
  },
  {
    "res_id": "1",
    "res_name": "The Sumo Mirror",
    "res_location": "9704 Beech St. Kingston, NY 12401",
    "res_cusines": ["Indian", "Lebanese", "Mexican"],
    "breakfast_menu": [
      {
        "id": "1",
        "name": "French Toast",
        "price": 5
      },
      {
        "id": "2",
        "name": "Waffle",
        "price": 11
      },
      {
        "id": "3",
        "name": "Scrambled Eggs",
        "price": 10
      },
      {
        "id": "4",
        "name": "Tator Tots",
        "price": 8
      },
      {
        "id": "5",
        "name": "Pancakes",
        "price": 9
      },
      {
        "id": "6",
        "name": "Oatmeal with Rasins",
        "price": 10
      },
      {
        "id": "7",
        "name": "Bagel",
        "price": 4
      },
      {
        "id": "8",
        "name": "English Muffin",
        "price": 3
      }
    ],
    "soups_menu": [
      {
        "id": "1",
        "name": "Chicken Noodle Soup",
        "price": 11
      },
      {
        "id": "2",
        "name": "Indian Wedding Soup",
        "price": 10
      },
      {
        "id": "3",
        "name": "Minestrone",
        "price": 10
      },
      {
        "id": "4",
        "name": "Lentil Soup",
        "price": 10
      },
      {
        "id": "5",
        "name": "New England Clam Chowder",
        "price": 12
      }
    ],
    "pasta_menu": [
      {
        "id": "1",
        "name": "Basilicata",
        "price": 10
      },
      {
        "id": "2",
        "name": "Calabria",
        "price": 10
      },
      {
        "id": "3",
        "name": "Tagliatelle alla Bolognese",
        "price": 12
      },
      {
        "id": "4",
        "name": "Ziti alla Norma",
        "price": 12
      },
      {
        "id": "5",
        "name": "Pasta al Pesto",
        "price": 12
      },
      {
        "id": "6",
        "name": "Agnolotti del Plin",
        "price": 13
      },
      {
        "id": "7",
        "name": "Pasta all'Arrabbiata",
        "price": 14
      },
      {
        "id": "8",
        "name": "Bucatini all'Amatriciana",
        "price": 14
      }
    ],
    "sushi_menu": [
      {
        "id": "1",
        "name": "Nigiri",
        "price": 7
      },
      {
        "id": "2",
        "name": "Sashimi",
        "price": 7
      },
      {
        "id": "3",
        "name": "Chirashi",
        "price": 7
      },
      {
        "id": "4",
        "name": "Oshizushi",
        "price": 9
      },
      {
        "id": "5",
        "name": "Temaki",
        "price": 9
      },
      {
        "id": "6",
        "name": "Uramaki",
        "price": 9
      }
    ],
    "maincourse_menu": [
      {
        "id": "1",
        "name": "Stuffed Green Peppers",
        "price": 9
      },
      {
        "id": "2",
        "name": "Brocoli & Chicken fry",
        "price": 12
      },
      {
        "id": "3",
        "name": "Butter Chicken",
        "price": 13
      },
      {
        "id": "4",
        "name": "Calzones",
        "price": 13
      },
      {
        "id": "5",
        "name": "Meatballs",
        "price": 14
      },
      {
        "id": "6",
        "name": "Quiche",
        "price": 9
      },
      {
        "id": "7",
        "name": "Roasted Turkey",
        "price": 11
      },
      {
        "id": "8",
        "name": "Roasted Chiekcn",
        "price": 10
      },
      {
        "id": "9",
        "name": "Stuffed Meatloaf",
        "price": 10
      },
      {
        "id": "10",
        "name": "Mexican Picadillo",
        "price": 14
      },
      {
        "id": "11",
        "name": "Cajun Fried Turkey",
        "price": 12
      }
    ],
    "deserts_menu": [
      {
        "id": "1",
        "name": "Nanaimo Bar",
        "price": 7
      },
      {
        "id": "2",
        "name": "Butter Tarts",
        "price": 7
      },
      {
        "id": "3",
        "name": "Flapper Pie",
        "price": 7
      },
      {
        "id": "4",
        "name": "Blueberry Grunt",
        "price": 8
      },
      {
        "id": "5",
        "name": "Pouding Chomeur",
        "price": 9
      },
      {
        "id": "6",
        "name": "Saskatoon Berry Pie",
        "price": 10
      },
      {
        "id": "7",
        "name": "Tiger Tail Ice Cream",
        "price": 8
      },
      {
        "id": "8",
        "name": "Tarte Au Sucre",
        "price": 8
      },
      {
        "id": "9",
        "name": "BeaverTails",
        "price": 9
      },
      {
        "id": "10",
        "name": "Sweet Bannock",
        "price": 7
      }
    ],
    "drinks_menu": [
      {
        "id": "1",
        "name": "Strawberry-Banana Smoothie",
        "price": 6
      },
      {
        "id": "2",
        "name": "Tropical Oatmeal Smoothie",
        "price": 6
      },
      {
        "id": "3",
        "name": "Cherry-Almond Smoothie",
        "price": 6
      },
      {
        "id": "4",
        "name": "Mango Mule",
        "price": 8
      },
      {
        "id": "5",
        "name": "Citrus Fizz",
        "price": 8
      },
      {
        "id": "6",
        "name": "Dry Cranberry Spitzer",
        "price": 8
      }
    ],
    "alcohol_menu": [
      {
        "id": "1",
        "name": "Apple Martini",
        "price": 9
      },
      {
        "id": "2",
        "name": "Long Island Iced Tea",
        "price": 9
      },
      {
        "id": "3",
        "name": "Californication",
        "price": 10
      },
      {
        "id": "4",
        "name": "Pina Colada",
        "price": 10
      },
      {
        "id": "5",
        "name": "Margarita",
        "price": 10
      },
      {
        "id": "6",
        "name": "Caipirinha",
        "price": 11
      },
      {
        "id": "7",
        "name": "Mint Julep",
        "price": 11
      },
      {
        "id": "8",
        "name": "Mai Tai",
        "price": 11
      },
      {
        "id": "9",
        "name": "Mojito",
        "price": 11
      },
      {
        "id": "10",
        "name": "Cosmopolitan",
        "price": 12
      }
    ]
  },
  {
    "res_id": "1",
    "res_name": "The Arctic Night",
    "res_location": "75 Border St. Xenia, OH 45385",
    "res_cusines": ["Mexican", "Italian", "Indian"],
    "breakfast_menu": [
      {
        "id": "1",
        "name": "French Toast",
        "price": 5
      },
      {
        "id": "2",
        "name": "Waffle",
        "price": 11
      },
      {
        "id": "3",
        "name": "Scrambled Eggs",
        "price": 10
      },
      {
        "id": "4",
        "name": "Tator Tots",
        "price": 8
      },
      {
        "id": "5",
        "name": "Pancakes",
        "price": 9
      },
      {
        "id": "6",
        "name": "Oatmeal with Rasins",
        "price": 10
      },
      {
        "id": "7",
        "name": "Bagel",
        "price": 4
      },
      {
        "id": "8",
        "name": "English Muffin",
        "price": 3
      }
    ],
    "soups_menu": [
      {
        "id": "1",
        "name": "Chicken Noodle Soup",
        "price": 11
      },
      {
        "id": "2",
        "name": "Indian Wedding Soup",
        "price": 10
      },
      {
        "id": "3",
        "name": "Minestrone",
        "price": 10
      },
      {
        "id": "4",
        "name": "Lentil Soup",
        "price": 10
      },
      {
        "id": "5",
        "name": "New England Clam Chowder",
        "price": 12
      }
    ],
    "pasta_menu": [
      {
        "id": "1",
        "name": "Basilicata",
        "price": 10
      },
      {
        "id": "2",
        "name": "Calabria",
        "price": 10
      },
      {
        "id": "3",
        "name": "Tagliatelle alla Bolognese",
        "price": 12
      },
      {
        "id": "4",
        "name": "Ziti alla Norma",
        "price": 12
      },
      {
        "id": "5",
        "name": "Pasta al Pesto",
        "price": 12
      },
      {
        "id": "6",
        "name": "Agnolotti del Plin",
        "price": 13
      },
      {
        "id": "7",
        "name": "Pasta all'Arrabbiata",
        "price": 14
      },
      {
        "id": "8",
        "name": "Bucatini all'Amatriciana",
        "price": 14
      }
    ],
    "sushi_menu": [
      {
        "id": "1",
        "name": "Nigiri",
        "price": 7
      },
      {
        "id": "2",
        "name": "Sashimi",
        "price": 7
      },
      {
        "id": "3",
        "name": "Chirashi",
        "price": 7
      },
      {
        "id": "4",
        "name": "Oshizushi",
        "price": 9
      },
      {
        "id": "5",
        "name": "Temaki",
        "price": 9
      },
      {
        "id": "6",
        "name": "Uramaki",
        "price": 9
      }
    ],
    "maincourse_menu": [
      {
        "id": "1",
        "name": "Stuffed Green Peppers",
        "price": 9
      },
      {
        "id": "2",
        "name": "Brocoli & Chicken fry",
        "price": 12
      },
      {
        "id": "3",
        "name": "Butter Chicken",
        "price": 13
      },
      {
        "id": "4",
        "name": "Calzones",
        "price": 13
      },
      {
        "id": "5",
        "name": "Meatballs",
        "price": 14
      },
      {
        "id": "6",
        "name": "Quiche",
        "price": 9
      },
      {
        "id": "7",
        "name": "Roasted Turkey",
        "price": 11
      },
      {
        "id": "8",
        "name": "Roasted Chiekcn",
        "price": 10
      },
      {
        "id": "9",
        "name": "Stuffed Meatloaf",
        "price": 10
      },
      {
        "id": "10",
        "name": "Mexican Picadillo",
        "price": 14
      },
      {
        "id": "11",
        "name": "Cajun Fried Turkey",
        "price": 12
      }
    ],
    "deserts_menu": [
      {
        "id": "1",
        "name": "Nanaimo Bar",
        "price": 7
      },
      {
        "id": "2",
        "name": "Butter Tarts",
        "price": 7
      },
      {
        "id": "3",
        "name": "Flapper Pie",
        "price": 7
      },
      {
        "id": "4",
        "name": "Blueberry Grunt",
        "price": 8
      },
      {
        "id": "5",
        "name": "Pouding Chomeur",
        "price": 9
      },
      {
        "id": "6",
        "name": "Saskatoon Berry Pie",
        "price": 10
      },
      {
        "id": "7",
        "name": "Tiger Tail Ice Cream",
        "price": 8
      },
      {
        "id": "8",
        "name": "Tarte Au Sucre",
        "price": 8
      },
      {
        "id": "9",
        "name": "BeaverTails",
        "price": 9
      },
      {
        "id": "10",
        "name": "Sweet Bannock",
        "price": 7
      }
    ],
    "drinks_menu": [
      {
        "id": "1",
        "name": "Strawberry-Banana Smoothie",
        "price": 6
      },
      {
        "id": "2",
        "name": "Tropical Oatmeal Smoothie",
        "price": 6
      },
      {
        "id": "3",
        "name": "Cherry-Almond Smoothie",
        "price": 6
      },
      {
        "id": "4",
        "name": "Mango Mule",
        "price": 8
      },
      {
        "id": "5",
        "name": "Citrus Fizz",
        "price": 8
      },
      {
        "id": "6",
        "name": "Dry Cranberry Spitzer",
        "price": 8
      }
    ],
    "alcohol_menu": [
      {
        "id": "1",
        "name": "Apple Martini",
        "price": 9
      },
      {
        "id": "2",
        "name": "Long Island Iced Tea",
        "price": 9
      },
      {
        "id": "3",
        "name": "Californication",
        "price": 10
      },
      {
        "id": "4",
        "name": "Pina Colada",
        "price": 10
      },
      {
        "id": "5",
        "name": "Margarita",
        "price": 10
      },
      {
        "id": "6",
        "name": "Caipirinha",
        "price": 11
      },
      {
        "id": "7",
        "name": "Mint Julep",
        "price": 11
      },
      {
        "id": "8",
        "name": "Mai Tai",
        "price": 11
      },
      {
        "id": "9",
        "name": "Mojito",
        "price": 11
      },
      {
        "id": "10",
        "name": "Cosmopolitan",
        "price": 12
      }
    ]
  },
  {
    "res_id": "1",
    "res_name": "The Arctic Street",
    "res_location": "7 North Boston Drive, Lansing, MI 48910",
    "res_cusines": ["Italian", "Chinese", "Indian"],
    "breakfast_menu": [
      {
        "id": "1",
        "name": "French Toast",
        "price": 5
      },
      {
        "id": "2",
        "name": "Waffle",
        "price": 11
      },
      {
        "id": "3",
        "name": "Scrambled Eggs",
        "price": 10
      },
      {
        "id": "4",
        "name": "Tator Tots",
        "price": 8
      },
      {
        "id": "5",
        "name": "Pancakes",
        "price": 9
      },
      {
        "id": "6",
        "name": "Oatmeal with Rasins",
        "price": 10
      },
      {
        "id": "7",
        "name": "Bagel",
        "price": 4
      },
      {
        "id": "8",
        "name": "English Muffin",
        "price": 3
      }
    ],
    "soups_menu": [
      {
        "id": "1",
        "name": "Chicken Noodle Soup",
        "price": 11
      },
      {
        "id": "2",
        "name": "Indian Wedding Soup",
        "price": 10
      },
      {
        "id": "3",
        "name": "Minestrone",
        "price": 10
      },
      {
        "id": "4",
        "name": "Lentil Soup",
        "price": 10
      },
      {
        "id": "5",
        "name": "New England Clam Chowder",
        "price": 12
      }
    ],
    "pasta_menu": [
      {
        "id": "1",
        "name": "Basilicata",
        "price": 10
      },
      {
        "id": "2",
        "name": "Calabria",
        "price": 10
      },
      {
        "id": "3",
        "name": "Tagliatelle alla Bolognese",
        "price": 12
      },
      {
        "id": "4",
        "name": "Ziti alla Norma",
        "price": 12
      },
      {
        "id": "5",
        "name": "Pasta al Pesto",
        "price": 12
      },
      {
        "id": "6",
        "name": "Agnolotti del Plin",
        "price": 13
      },
      {
        "id": "7",
        "name": "Pasta all'Arrabbiata",
        "price": 14
      },
      {
        "id": "8",
        "name": "Bucatini all'Amatriciana",
        "price": 14
      }
    ],
    "sushi_menu": [
      {
        "id": "1",
        "name": "Nigiri",
        "price": 7
      },
      {
        "id": "2",
        "name": "Sashimi",
        "price": 7
      },
      {
        "id": "3",
        "name": "Chirashi",
        "price": 7
      },
      {
        "id": "4",
        "name": "Oshizushi",
        "price": 9
      },
      {
        "id": "5",
        "name": "Temaki",
        "price": 9
      },
      {
        "id": "6",
        "name": "Uramaki",
        "price": 9
      }
    ],
    "maincourse_menu": [
      {
        "id": "1",
        "name": "Stuffed Green Peppers",
        "price": 9
      },
      {
        "id": "2",
        "name": "Brocoli & Chicken fry",
        "price": 12
      },
      {
        "id": "3",
        "name": "Butter Chicken",
        "price": 13
      },
      {
        "id": "4",
        "name": "Calzones",
        "price": 13
      },
      {
        "id": "5",
        "name": "Meatballs",
        "price": 14
      },
      {
        "id": "6",
        "name": "Quiche",
        "price": 9
      },
      {
        "id": "7",
        "name": "Roasted Turkey",
        "price": 11
      },
      {
        "id": "8",
        "name": "Roasted Chiekcn",
        "price": 10
      },
      {
        "id": "9",
        "name": "Stuffed Meatloaf",
        "price": 10
      },
      {
        "id": "10",
        "name": "Mexican Picadillo",
        "price": 14
      },
      {
        "id": "11",
        "name": "Cajun Fried Turkey",
        "price": 12
      }
    ],
    "deserts_menu": [
      {
        "id": "1",
        "name": "Nanaimo Bar",
        "price": 7
      },
      {
        "id": "2",
        "name": "Butter Tarts",
        "price": 7
      },
      {
        "id": "3",
        "name": "Flapper Pie",
        "price": 7
      },
      {
        "id": "4",
        "name": "Blueberry Grunt",
        "price": 8
      },
      {
        "id": "5",
        "name": "Pouding Chomeur",
        "price": 9
      },
      {
        "id": "6",
        "name": "Saskatoon Berry Pie",
        "price": 10
      },
      {
        "id": "7",
        "name": "Tiger Tail Ice Cream",
        "price": 8
      },
      {
        "id": "8",
        "name": "Tarte Au Sucre",
        "price": 8
      },
      {
        "id": "9",
        "name": "BeaverTails",
        "price": 9
      },
      {
        "id": "10",
        "name": "Sweet Bannock",
        "price": 7
      }
    ],
    "drinks_menu": [
      {
        "id": "1",
        "name": "Strawberry-Banana Smoothie",
        "price": 6
      },
      {
        "id": "2",
        "name": "Tropical Oatmeal Smoothie",
        "price": 6
      },
      {
        "id": "3",
        "name": "Cherry-Almond Smoothie",
        "price": 6
      },
      {
        "id": "4",
        "name": "Mango Mule",
        "price": 8
      },
      {
        "id": "5",
        "name": "Citrus Fizz",
        "price": 8
      },
      {
        "id": "6",
        "name": "Dry Cranberry Spitzer",
        "price": 8
      }
    ],
    "alcohol_menu": [
      {
        "id": "1",
        "name": "Apple Martini",
        "price": 9
      },
      {
        "id": "2",
        "name": "Long Island Iced Tea",
        "price": 9
      },
      {
        "id": "3",
        "name": "Californication",
        "price": 10
      },
      {
        "id": "4",
        "name": "Pina Colada",
        "price": 10
      },
      {
        "id": "5",
        "name": "Margarita",
        "price": 10
      },
      {
        "id": "6",
        "name": "Caipirinha",
        "price": 11
      },
      {
        "id": "7",
        "name": "Mint Julep",
        "price": 11
      },
      {
        "id": "8",
        "name": "Mai Tai",
        "price": 11
      },
      {
        "id": "9",
        "name": "Mojito",
        "price": 11
      },
      {
        "id": "10",
        "name": "Cosmopolitan",
        "price": 12
      }
    ]
  },
  {
    "res_id": "1",
    "res_name": "Arch",
    "res_location": "253 San Juan Court, Derby, KS 67037",
    "res_cusines": ["Chinese", "Lebanese", "Mexican"],
    "breakfast_menu": [
      {
        "id": "1",
        "name": "French Toast",
        "price": 5
      },
      {
        "id": "2",
        "name": "Waffle",
        "price": 11
      },
      {
        "id": "3",
        "name": "Scrambled Eggs",
        "price": 10
      },
      {
        "id": "4",
        "name": "Tator Tots",
        "price": 8
      },
      {
        "id": "5",
        "name": "Pancakes",
        "price": 9
      },
      {
        "id": "6",
        "name": "Oatmeal with Rasins",
        "price": 10
      },
      {
        "id": "7",
        "name": "Bagel",
        "price": 4
      },
      {
        "id": "8",
        "name": "English Muffin",
        "price": 3
      }
    ],
    "soups_menu": [
      {
        "id": "1",
        "name": "Chicken Noodle Soup",
        "price": 11
      },
      {
        "id": "2",
        "name": "Indian Wedding Soup",
        "price": 10
      },
      {
        "id": "3",
        "name": "Minestrone",
        "price": 10
      },
      {
        "id": "4",
        "name": "Lentil Soup",
        "price": 10
      },
      {
        "id": "5",
        "name": "New England Clam Chowder",
        "price": 12
      }
    ],
    "pasta_menu": [
      {
        "id": "1",
        "name": "Basilicata",
        "price": 10
      },
      {
        "id": "2",
        "name": "Calabria",
        "price": 10
      },
      {
        "id": "3",
        "name": "Tagliatelle alla Bolognese",
        "price": 12
      },
      {
        "id": "4",
        "name": "Ziti alla Norma",
        "price": 12
      },
      {
        "id": "5",
        "name": "Pasta al Pesto",
        "price": 12
      },
      {
        "id": "6",
        "name": "Agnolotti del Plin",
        "price": 13
      },
      {
        "id": "7",
        "name": "Pasta all'Arrabbiata",
        "price": 14
      },
      {
        "id": "8",
        "name": "Bucatini all'Amatriciana",
        "price": 14
      }
    ],
    "sushi_menu": [
      {
        "id": "1",
        "name": "Nigiri",
        "price": 7
      },
      {
        "id": "2",
        "name": "Sashimi",
        "price": 7
      },
      {
        "id": "3",
        "name": "Chirashi",
        "price": 7
      },
      {
        "id": "4",
        "name": "Oshizushi",
        "price": 9
      },
      {
        "id": "5",
        "name": "Temaki",
        "price": 9
      },
      {
        "id": "6",
        "name": "Uramaki",
        "price": 9
      }
    ],
    "maincourse_menu": [
      {
        "id": "1",
        "name": "Stuffed Green Peppers",
        "price": 9
      },
      {
        "id": "2",
        "name": "Brocoli & Chicken fry",
        "price": 12
      },
      {
        "id": "3",
        "name": "Butter Chicken",
        "price": 13
      },
      {
        "id": "4",
        "name": "Calzones",
        "price": 13
      },
      {
        "id": "5",
        "name": "Meatballs",
        "price": 14
      },
      {
        "id": "6",
        "name": "Quiche",
        "price": 9
      },
      {
        "id": "7",
        "name": "Roasted Turkey",
        "price": 11
      },
      {
        "id": "8",
        "name": "Roasted Chiekcn",
        "price": 10
      },
      {
        "id": "9",
        "name": "Stuffed Meatloaf",
        "price": 10
      },
      {
        "id": "10",
        "name": "Mexican Picadillo",
        "price": 14
      },
      {
        "id": "11",
        "name": "Cajun Fried Turkey",
        "price": 12
      }
    ],
    "deserts_menu": [
      {
        "id": "1",
        "name": "Nanaimo Bar",
        "price": 7
      },
      {
        "id": "2",
        "name": "Butter Tarts",
        "price": 7
      },
      {
        "id": "3",
        "name": "Flapper Pie",
        "price": 7
      },
      {
        "id": "4",
        "name": "Blueberry Grunt",
        "price": 8
      },
      {
        "id": "5",
        "name": "Pouding Chomeur",
        "price": 9
      },
      {
        "id": "6",
        "name": "Saskatoon Berry Pie",
        "price": 10
      },
      {
        "id": "7",
        "name": "Tiger Tail Ice Cream",
        "price": 8
      },
      {
        "id": "8",
        "name": "Tarte Au Sucre",
        "price": 8
      },
      {
        "id": "9",
        "name": "BeaverTails",
        "price": 9
      },
      {
        "id": "10",
        "name": "Sweet Bannock",
        "price": 7
      }
    ],
    "drinks_menu": [
      {
        "id": "1",
        "name": "Strawberry-Banana Smoothie",
        "price": 6
      },
      {
        "id": "2",
        "name": "Tropical Oatmeal Smoothie",
        "price": 6
      },
      {
        "id": "3",
        "name": "Cherry-Almond Smoothie",
        "price": 6
      },
      {
        "id": "4",
        "name": "Mango Mule",
        "price": 8
      },
      {
        "id": "5",
        "name": "Citrus Fizz",
        "price": 8
      },
      {
        "id": "6",
        "name": "Dry Cranberry Spitzer",
        "price": 8
      }
    ],
    "alcohol_menu": [
      {
        "id": "1",
        "name": "Apple Martini",
        "price": 9
      },
      {
        "id": "2",
        "name": "Long Island Iced Tea",
        "price": 9
      },
      {
        "id": "3",
        "name": "Californication",
        "price": 10
      },
      {
        "id": "4",
        "name": "Pina Colada",
        "price": 10
      },
      {
        "id": "5",
        "name": "Margarita",
        "price": 10
      },
      {
        "id": "6",
        "name": "Caipirinha",
        "price": 11
      },
      {
        "id": "7",
        "name": "Mint Julep",
        "price": 11
      },
      {
        "id": "8",
        "name": "Mai Tai",
        "price": 11
      },
      {
        "id": "9",
        "name": "Mojito",
        "price": 11
      },
      {
        "id": "10",
        "name": "Cosmopolitan",
        "price": 12
      }
    ]
  },
  {
    "res_id": "1",
    "res_name": "Jewel",
    "res_location": "700 Mill St., Evansville, IN 47711",
    "res_cusines": ["Korean", "Italian", "Indian"],
    "breakfast_menu": [
      {
        "id": "1",
        "name": "French Toast",
        "price": 5
      },
      {
        "id": "2",
        "name": "Waffle",
        "price": 11
      },
      {
        "id": "3",
        "name": "Scrambled Eggs",
        "price": 10
      },
      {
        "id": "4",
        "name": "Tator Tots",
        "price": 8
      },
      {
        "id": "5",
        "name": "Pancakes",
        "price": 9
      },
      {
        "id": "6",
        "name": "Oatmeal with Rasins",
        "price": 10
      },
      {
        "id": "7",
        "name": "Bagel",
        "price": 4
      },
      {
        "id": "8",
        "name": "English Muffin",
        "price": 3
      }
    ],
    "soups_menu": [
      {
        "id": "1",
        "name": "Chicken Noodle Soup",
        "price": 11
      },
      {
        "id": "2",
        "name": "Indian Wedding Soup",
        "price": 10
      },
      {
        "id": "3",
        "name": "Minestrone",
        "price": 10
      },
      {
        "id": "4",
        "name": "Lentil Soup",
        "price": 10
      },
      {
        "id": "5",
        "name": "New England Clam Chowder",
        "price": 12
      }
    ],
    "pasta_menu": [
      {
        "id": "1",
        "name": "Basilicata",
        "price": 10
      },
      {
        "id": "2",
        "name": "Calabria",
        "price": 10
      },
      {
        "id": "3",
        "name": "Tagliatelle alla Bolognese",
        "price": 12
      },
      {
        "id": "4",
        "name": "Ziti alla Norma",
        "price": 12
      },
      {
        "id": "5",
        "name": "Pasta al Pesto",
        "price": 12
      },
      {
        "id": "6",
        "name": "Agnolotti del Plin",
        "price": 13
      },
      {
        "id": "7",
        "name": "Pasta all'Arrabbiata",
        "price": 14
      },
      {
        "id": "8",
        "name": "Bucatini all'Amatriciana",
        "price": 14
      }
    ],
    "sushi_menu": [
      {
        "id": "1",
        "name": "Nigiri",
        "price": 7
      },
      {
        "id": "2",
        "name": "Sashimi",
        "price": 7
      },
      {
        "id": "3",
        "name": "Chirashi",
        "price": 7
      },
      {
        "id": "4",
        "name": "Oshizushi",
        "price": 9
      },
      {
        "id": "5",
        "name": "Temaki",
        "price": 9
      },
      {
        "id": "6",
        "name": "Uramaki",
        "price": 9
      }
    ],
    "maincourse_menu": [
      {
        "id": "1",
        "name": "Stuffed Green Peppers",
        "price": 9
      },
      {
        "id": "2",
        "name": "Brocoli & Chicken fry",
        "price": 12
      },
      {
        "id": "3",
        "name": "Butter Chicken",
        "price": 13
      },
      {
        "id": "4",
        "name": "Calzones",
        "price": 13
      },
      {
        "id": "5",
        "name": "Meatballs",
        "price": 14
      },
      {
        "id": "6",
        "name": "Quiche",
        "price": 9
      },
      {
        "id": "7",
        "name": "Roasted Turkey",
        "price": 11
      },
      {
        "id": "8",
        "name": "Roasted Chiekcn",
        "price": 10
      },
      {
        "id": "9",
        "name": "Stuffed Meatloaf",
        "price": 10
      },
      {
        "id": "10",
        "name": "Mexican Picadillo",
        "price": 14
      },
      {
        "id": "11",
        "name": "Cajun Fried Turkey",
        "price": 12
      }
    ],
    "deserts_menu": [
      {
        "id": "1",
        "name": "Nanaimo Bar",
        "price": 7
      },
      {
        "id": "2",
        "name": "Butter Tarts",
        "price": 7
      },
      {
        "id": "3",
        "name": "Flapper Pie",
        "price": 7
      },
      {
        "id": "4",
        "name": "Blueberry Grunt",
        "price": 8
      },
      {
        "id": "5",
        "name": "Pouding Chomeur",
        "price": 9
      },
      {
        "id": "6",
        "name": "Saskatoon Berry Pie",
        "price": 10
      },
      {
        "id": "7",
        "name": "Tiger Tail Ice Cream",
        "price": 8
      },
      {
        "id": "8",
        "name": "Tarte Au Sucre",
        "price": 8
      },
      {
        "id": "9",
        "name": "BeaverTails",
        "price": 9
      },
      {
        "id": "10",
        "name": "Sweet Bannock",
        "price": 7
      }
    ],
    "drinks_menu": [
      {
        "id": "1",
        "name": "Strawberry-Banana Smoothie",
        "price": 6
      },
      {
        "id": "2",
        "name": "Tropical Oatmeal Smoothie",
        "price": 6
      },
      {
        "id": "3",
        "name": "Cherry-Almond Smoothie",
        "price": 6
      },
      {
        "id": "4",
        "name": "Mango Mule",
        "price": 8
      },
      {
        "id": "5",
        "name": "Citrus Fizz",
        "price": 8
      },
      {
        "id": "6",
        "name": "Dry Cranberry Spitzer",
        "price": 8
      }
    ],
    "alcohol_menu": [
      {
        "id": "1",
        "name": "Apple Martini",
        "price": 9
      },
      {
        "id": "2",
        "name": "Long Island Iced Tea",
        "price": 9
      },
      {
        "id": "3",
        "name": "Californication",
        "price": 10
      },
      {
        "id": "4",
        "name": "Pina Colada",
        "price": 10
      },
      {
        "id": "5",
        "name": "Margarita",
        "price": 10
      },
      {
        "id": "6",
        "name": "Caipirinha",
        "price": 11
      },
      {
        "id": "7",
        "name": "Mint Julep",
        "price": 11
      },
      {
        "id": "8",
        "name": "Mai Tai",
        "price": 11
      },
      {
        "id": "9",
        "name": "Mojito",
        "price": 11
      },
      {
        "id": "10",
        "name": "Cosmopolitan",
        "price": 12
      }
    ]
  },
  {
    "res_id": "1",
    "res_name": "Harvest",
    "res_location": "5 Rockwell St. Woodbridge, VA 22191",
    "res_cusines": ["Thai", "Chinese", "Indian"],
    "breakfast_menu": [
      {
        "id": "1",
        "name": "French Toast",
        "price": 5
      },
      {
        "id": "2",
        "name": "Waffle",
        "price": 11
      },
      {
        "id": "3",
        "name": "Scrambled Eggs",
        "price": 10
      },
      {
        "id": "4",
        "name": "Tator Tots",
        "price": 8
      },
      {
        "id": "5",
        "name": "Pancakes",
        "price": 9
      },
      {
        "id": "6",
        "name": "Oatmeal with Rasins",
        "price": 10
      },
      {
        "id": "7",
        "name": "Bagel",
        "price": 4
      },
      {
        "id": "8",
        "name": "English Muffin",
        "price": 3
      }
    ],
    "soups_menu": [
      {
        "id": "1",
        "name": "Chicken Noodle Soup",
        "price": 11
      },
      {
        "id": "2",
        "name": "Indian Wedding Soup",
        "price": 10
      },
      {
        "id": "3",
        "name": "Minestrone",
        "price": 10
      },
      {
        "id": "4",
        "name": "Lentil Soup",
        "price": 10
      },
      {
        "id": "5",
        "name": "New England Clam Chowder",
        "price": 12
      }
    ],
    "pasta_menu": [
      {
        "id": "1",
        "name": "Basilicata",
        "price": 10
      },
      {
        "id": "2",
        "name": "Calabria",
        "price": 10
      },
      {
        "id": "3",
        "name": "Tagliatelle alla Bolognese",
        "price": 12
      },
      {
        "id": "4",
        "name": "Ziti alla Norma",
        "price": 12
      },
      {
        "id": "5",
        "name": "Pasta al Pesto",
        "price": 12
      },
      {
        "id": "6",
        "name": "Agnolotti del Plin",
        "price": 13
      },
      {
        "id": "7",
        "name": "Pasta all'Arrabbiata",
        "price": 14
      },
      {
        "id": "8",
        "name": "Bucatini all'Amatriciana",
        "price": 14
      }
    ],
    "sushi_menu": [
      {
        "id": "1",
        "name": "Nigiri",
        "price": 7
      },
      {
        "id": "2",
        "name": "Sashimi",
        "price": 7
      },
      {
        "id": "3",
        "name": "Chirashi",
        "price": 7
      },
      {
        "id": "4",
        "name": "Oshizushi",
        "price": 9
      },
      {
        "id": "5",
        "name": "Temaki",
        "price": 9
      },
      {
        "id": "6",
        "name": "Uramaki",
        "price": 9
      }
    ],
    "maincourse_menu": [
      {
        "id": "1",
        "name": "Stuffed Green Peppers",
        "price": 9
      },
      {
        "id": "2",
        "name": "Brocoli & Chicken fry",
        "price": 12
      },
      {
        "id": "3",
        "name": "Butter Chicken",
        "price": 13
      },
      {
        "id": "4",
        "name": "Calzones",
        "price": 13
      },
      {
        "id": "5",
        "name": "Meatballs",
        "price": 14
      },
      {
        "id": "6",
        "name": "Quiche",
        "price": 9
      },
      {
        "id": "7",
        "name": "Roasted Turkey",
        "price": 11
      },
      {
        "id": "8",
        "name": "Roasted Chiekcn",
        "price": 10
      },
      {
        "id": "9",
        "name": "Stuffed Meatloaf",
        "price": 10
      },
      {
        "id": "10",
        "name": "Mexican Picadillo",
        "price": 14
      },
      {
        "id": "11",
        "name": "Cajun Fried Turkey",
        "price": 12
      }
    ],
    "deserts_menu": [
      {
        "id": "1",
        "name": "Nanaimo Bar",
        "price": 7
      },
      {
        "id": "2",
        "name": "Butter Tarts",
        "price": 7
      },
      {
        "id": "3",
        "name": "Flapper Pie",
        "price": 7
      },
      {
        "id": "4",
        "name": "Blueberry Grunt",
        "price": 8
      },
      {
        "id": "5",
        "name": "Pouding Chomeur",
        "price": 9
      },
      {
        "id": "6",
        "name": "Saskatoon Berry Pie",
        "price": 10
      },
      {
        "id": "7",
        "name": "Tiger Tail Ice Cream",
        "price": 8
      },
      {
        "id": "8",
        "name": "Tarte Au Sucre",
        "price": 8
      },
      {
        "id": "9",
        "name": "BeaverTails",
        "price": 9
      },
      {
        "id": "10",
        "name": "Sweet Bannock",
        "price": 7
      }
    ],
    "drinks_menu": [
      {
        "id": "1",
        "name": "Strawberry-Banana Smoothie",
        "price": 6
      },
      {
        "id": "2",
        "name": "Tropical Oatmeal Smoothie",
        "price": 6
      },
      {
        "id": "3",
        "name": "Cherry-Almond Smoothie",
        "price": 6
      },
      {
        "id": "4",
        "name": "Mango Mule",
        "price": 8
      },
      {
        "id": "5",
        "name": "Citrus Fizz",
        "price": 8
      },
      {
        "id": "6",
        "name": "Dry Cranberry Spitzer",
        "price": 8
      }
    ],
    "alcohol_menu": [
      {
        "id": "1",
        "name": "Apple Martini",
        "price": 9
      },
      {
        "id": "2",
        "name": "Long Island Iced Tea",
        "price": 9
      },
      {
        "id": "3",
        "name": "Californication",
        "price": 10
      },
      {
        "id": "4",
        "name": "Pina Colada",
        "price": 10
      },
      {
        "id": "5",
        "name": "Margarita",
        "price": 10
      },
      {
        "id": "6",
        "name": "Caipirinha",
        "price": 11
      },
      {
        "id": "7",
        "name": "Mint Julep",
        "price": 11
      },
      {
        "id": "8",
        "name": "Mai Tai",
        "price": 11
      },
      {
        "id": "9",
        "name": "Mojito",
        "price": 11
      },
      {
        "id": "10",
        "name": "Cosmopolitan",
        "price": 12
      }
    ]
  }
]
